{"has_child":1,"home_url":"http:\/\/saskrceproject.local","child_file":{"saskrceproject.local_wpvivid-625357a3b1491_2022-04-10-22-18_backup_plugin.zip":{"file_type":"plugin","plugin":{"duplicate-page":{"slug":"duplicate-page","size":84117},"elementor":{"slug":"elementor","size":29733058},"post-type-switcher":{"slug":"post-type-switcher","size":29567},"search-filter-pro":{"slug":"search-filter-pro","size":2619037},"woocommerce":{"slug":"woocommerce","size":29896112}},"root_flag":"wp-content","file":"saskrceproject.local_wpvivid-625357a3b1491_2022-04-10-22-18_backup_plugin.zip","php_version":"7.4.1","mysql_version":"8.0.16"},"saskrceproject.local_wpvivid-625357a3b1491_2022-04-10-22-18_backup_core.zip":{"include_path":["wp-includes","wp-admin"],"wp_core":1,"home_url":"http:\/\/saskrceproject.local","file_type":"wp-core","root_flag":"root","file":"saskrceproject.local_wpvivid-625357a3b1491_2022-04-10-22-18_backup_core.zip","php_version":"7.4.1","mysql_version":"8.0.16"},"saskrceproject.local_wpvivid-625357a3b1491_2022-04-10-22-18_backup_uploads.zip":{"file_type":"upload","root_flag":"wp-content","file":"saskrceproject.local_wpvivid-625357a3b1491_2022-04-10-22-18_backup_uploads.zip","php_version":"7.4.1","mysql_version":"8.0.16"},"saskrceproject.local_wpvivid-625357a3b1491_2022-04-10-22-18_backup_themes.zip":{"file_type":"themes","themes":{"rowling":{"slug":"rowling","size":818955},"twentytwenty":{"slug":"twentytwenty","size":1782862},"twentytwentyone":{"slug":"twentytwentyone","size":3666363},"twentytwentytwo":{"slug":"twentytwentytwo","size":3694185}},"root_flag":"wp-content","file":"saskrceproject.local_wpvivid-625357a3b1491_2022-04-10-22-18_backup_themes.zip","php_version":"7.4.1","mysql_version":"8.0.16"},"saskrceproject.local_wpvivid-625357a3b1491_2022-04-10-22-18_backup_db.zip":{"dump_db":1,"home_url":"http:\/\/saskrceproject.local","file_type":"databases","root_flag":"custom","file":"saskrceproject.local_wpvivid-625357a3b1491_2022-04-10-22-18_backup_db.zip","php_version":"7.4.1","mysql_version":"8.0.16"},"saskrceproject.local_wpvivid-625357a3b1491_2022-04-10-22-18_backup_content.zip":{"file_type":"wp-content","root_flag":"root","file":"saskrceproject.local_wpvivid-625357a3b1491_2022-04-10-22-18_backup_content.zip","php_version":"7.4.1","mysql_version":"8.0.16"}},"root_flag":"custom","file":"saskrceproject.local_wpvivid-625357a3b1491_2022-04-10-22-18_backup_all.zip","php_version":"7.4.1","mysql_version":"8.0.16"}